First Name,Last Name,Company,Role,Email
John,Doe,Acme Corp,CEO,john.doe@acmecorp.test
Jane,Smith,TechFlow,VP Sales,jane.smith@techflow.test
Michael,Johnson,Global Industries,Director of Marketing,mjohnson@globalindustries.test
Sarah,Williams,NextGen Solutions,Founder,sarah@nextgensolutions.test
David,Brown,Pioneer Works,Head of Growth,david.b@pioneerworks.test
Emily,Davis,CloudSync,CTO,edavis@cloudsync.test
James,Miller,BlueWave,Sales Manager,james.miller@bluewave.test
Olivia,Wilson,Quantum Data,Lead Developer,olivia.w@quantumdata.test
Robert,Moore,Apex Financial,Managing Partner,rmoore@apexfinancial.test
Sophia,Taylor,Nova Tech,Product Manager,sophia.taylor@novatech.test
William,Anderson,Vertex Group,Operations Director,wanderson@vertexgroup.test
Isabella,Thomas,Nexus Inc,Chief Revenue Officer,isabella.t@nexusinc.test
Ethan,Jackson,Stellar Media,Marketing Manager,ejackson@stellarmedia.test
Mia,White,Horizon Ventures,Investment Analyst,mia.white@horizonventures.test
Alexander,Harris,Omega Systems,Head of Engineering,aharris@omegasystems.test
